
CREATE TABLE location (
	location_id int4 NOT NULL,
	location_name varchar(50) NULL,
	CONSTRAINT location_pkey PRIMARY KEY (location_id)
);

INSERT INTO location (location_id,location_name) VALUES
	 (1,'Lille'),
	 (2,'Roubaix'),
	 (3,'Tourcoing'),
	 (4,'Villeneuve d’Ascq'),
	 (5,'Ronchin');

CREATE TABLE patient (
	patient_id int4 NOT NULL,
	birth_date date NULL,
	sex bpchar(1) NULL,
	location_id int4 NULL,
	CONSTRAINT patient_pkey PRIMARY KEY (patient_id)
);

INSERT INTO patient (patient_id,birth_date,sex,location_id) VALUES
	 (1,'1990-01-02','M',2),
	 (2,'1987-02-04','F',1),
	 (3,'1960-10-20','F',2),
	 (4,'1967-12-05','F',3),
	 (5,'1956-11-28','M',1),
	 (6,'1950-12-20','F',1),
	 (7,'1977-11-10','M',1),
	 (8,'1999-08-21','M',2),
	 (9,'2005-07-23','M',4),
	 (10,'2001-12-28','F',5);

INSERT INTO patient (patient_id,birth_date,sex,location_id) VALUES
	 (11,'1978-05-29','M',1),
	 (12,'1991-12-15','F',1),
	 (13,'1979-05-08','M',1),
	 (14,'1982-10-09','F',1),
	 (15,'1987-10-04','M',2),
	 (16,'1995-11-19','M',3),
	 (17,'1998-12-13','F',4),
	 (18,'2010-01-09','F',5),
	 (19,'2005-12-17','F',3),
	 (20,'1940-06-21','F',2);

INSERT INTO patient (patient_id,birth_date,sex,location_id) VALUES
	 (21,'2000-10-10','F',3),
	 (22,'1987-09-18','M',1),
	 (23,'1971-12-30','M',2),
	 (24,'1967-11-07','M',3),
	 (25,'1965-02-20','M',4),
	 (26,'1960-03-21','F',5),
	 (27,'1980-07-18','F',3),
	 (28,'1987-12-26','M',2),
	 (29,'1956-03-25','M',1),
	 (30,'1980-09-08','F',1);

CREATE TABLE hospital_stay (
	visit_id int4 NOT NULL,
	patient_id int4 NULL,
	start_date date NULL,
	end_date date NULL,
	CONSTRAINT hospital_stay_pkey PRIMARY KEY (visit_id)
);

INSERT INTO hospital_stay (visit_id,patient_id,start_date,end_date) VALUES
	 (1,1,'2020-01-01','2020-01-10'),
	 (2,2,'2020-01-01','2020-01-12'),
	 (3,2,'2020-01-20','2020-01-25'),
	 (4,3,'2020-01-01','2020-01-08'),
	 (5,3,'2020-02-02','2020-02-04'),
	 (6,3,'2020-03-01','2020-03-04'),
	 (7,4,'2020-01-02','2020-01-03'),
	 (8,5,'2020-01-02','2020-01-02'),
	 (9,6,'2020-01-02','2020-01-10'),
	 (10,7,'2020-01-02','2020-01-04');
	 
INSERT INTO hospital_stay (visit_id,patient_id,start_date,end_date) VALUES
	 (11,7,'2020-01-10','2020-01-20'),
	 (12,8,'2020-01-03','2020-01-05'),
	 (13,9,'2020-02-05','2020-02-10'),
	 (14,10,'2020-01-03','2020-01-03'),
	 (15,11,'2020-01-04','2020-01-05'),
	 (16,12,'2020-01-06','2020-01-07'),
	 (17,13,'2020-01-06','2020-01-08'),
	 (18,14,'2020-01-06','2020-01-08'),
	 (19,14,'2020-02-20','2020-02-21'),
	 (20,15,'2020-01-06','2020-01-08');

INSERT INTO hospital_stay (visit_id,patient_id,start_date,end_date) VALUES
	 (21,16,'2020-01-06','2020-01-08'),
	 (22,17,'2020-01-06','2020-01-08'),
	 (23,18,'2020-01-06','2020-01-09'),
	 (24,19,'2020-01-06','2020-01-09'),
	 (25,20,'2020-01-07','2020-01-09'),
	 (26,21,'2020-01-07','2020-01-09'),
	 (27,22,'2020-01-17','2020-01-19'),
	 (28,22,'2020-02-07','2020-02-19'),
	 (29,23,'2020-01-17','2020-01-19'),
	 (30,24,'2020-01-17','2020-01-20');

INSERT INTO hospital_stay (visit_id,patient_id,start_date,end_date) VALUES
	 (31,25,'2020-01-17','2020-01-20'),
	 (32,26,'2020-01-18','2020-01-20'),
	 (33,27,'2020-01-18','2020-01-22'),
	 (34,28,'2020-01-30','2020-01-31'),
	 (35,28,'2020-02-05','2020-02-06'),
	 (36,29,'2020-01-30','2020-01-31'),
	 (37,30,'2020-01-30','2020-01-31'),
	 (38,30,'2020-02-05','2020-02-06'),
	 (39,30,'2020-04-03','2020-04-20'),
	 (40,30,'2020-05-03','2020-05-10');